reportDate,zip,confirmed_cases,total_tested
1/24/2021 12:00:00 AM,60000,42,412
1/24/2021 12:00:00 AM,60001,6,158
1/24/2021 12:00:00 AM,60002,1518,13080
1/24/2021 12:00:00 AM,60004,3215,49742
1/24/2021 12:00:00 AM,60005,2011,30727
1/24/2021 12:00:00 AM,60006,14,202
1/24/2021 12:00:00 AM,60007,2459,26767
1/24/2021 12:00:00 AM,60008,2187,23208
1/24/2021 12:00:00 AM,60009,19,180
1/24/2021 12:00:00 AM,60010,2541,36172
1/24/2021 12:00:00 AM,60011,8,185
1/24/2021 12:00:00 AM,60012,805,11435
1/24/2021 12:00:00 AM,60013,1583,16421
1/24/2021 12:00:00 AM,60014,3340,32622
1/24/2021 12:00:00 AM,60015,1544,33833
1/24/2021 12:00:00 AM,60016,5065,57739
1/24/2021 12:00:00 AM,60017,12,149
1/24/2021 12:00:00 AM,60018,3100,34598
1/24/2021 12:00:00 AM,60019,8,88
1/24/2021 12:00:00 AM,60020,688,8137
1/24/2021 12:00:00 AM,60021,270,3531
1/24/2021 12:00:00 AM,60022,351,8121
1/24/2021 12:00:00 AM,60025,2619,40821
1/24/2021 12:00:00 AM,60026,821,17957
1/24/2021 12:00:00 AM,60029,41,507
1/24/2021 12:00:00 AM,60030,2108,26583
1/24/2021 12:00:00 AM,60031,2608,32978
1/24/2021 12:00:00 AM,60033,1345,10117
1/24/2021 12:00:00 AM,60034,138,1523
1/24/2021 12:00:00 AM,60035,1498,38174
1/24/2021 12:00:00 AM,60036,9,72
1/24/2021 12:00:00 AM,60038,7,123
1/24/2021 12:00:00 AM,60040,597,9999
1/24/2021 12:00:00 AM,60041,603,6211
1/24/2021 12:00:00 AM,60042,560,5446
1/24/2021 12:00:00 AM,60043,122,2268
1/24/2021 12:00:00 AM,60044,590,14203
1/24/2021 12:00:00 AM,60045,1002,23504
1/24/2021 12:00:00 AM,60046,2403,24208
1/24/2021 12:00:00 AM,60047,2720,41460
1/24/2021 12:00:00 AM,60048,1495,24968
1/24/2021 12:00:00 AM,60050,2410,25027
1/24/2021 12:00:00 AM,60051,1738,15535
1/24/2021 12:00:00 AM,60053,1791,29906
1/24/2021 12:00:00 AM,60055,8,65
1/24/2021 12:00:00 AM,60056,4036,42392
1/24/2021 12:00:00 AM,60057,6,111
1/24/2021 12:00:00 AM,60060,2925,27750
1/24/2021 12:00:00 AM,60061,1432,23171
1/24/2021 12:00:00 AM,60062,2500,64393
1/24/2021 12:00:00 AM,60063,9,87
1/24/2021 12:00:00 AM,60064,2374,13463
1/24/2021 12:00:00 AM,60065,7,148
1/24/2021 12:00:00 AM,60067,2753,44331
1/24/2021 12:00:00 AM,60068,2674,40469
1/24/2021 12:00:00 AM,60069,533,16374
1/24/2021 12:00:00 AM,60070,1230,15849
1/24/2021 12:00:00 AM,60071,249,2530
1/24/2021 12:00:00 AM,60072,50,629
1/24/2021 12:00:00 AM,60073,5874,48375
1/24/2021 12:00:00 AM,60074,3032,28701
1/24/2021 12:00:00 AM,60075,15,124
1/24/2021 12:00:00 AM,60076,2659,34940
1/24/2021 12:00:00 AM,60077,2143,35243
1/24/2021 12:00:00 AM,60078,12,146
1/24/2021 12:00:00 AM,60079,38,1906
1/24/2021 12:00:00 AM,60081,670,5645
1/24/2021 12:00:00 AM,60082,15,100
1/24/2021 12:00:00 AM,60083,722,7892
1/24/2021 12:00:00 AM,60084,1197,14141
1/24/2021 12:00:00 AM,60085,8596,74731
1/24/2021 12:00:00 AM,60086,6,81
1/24/2021 12:00:00 AM,60087,3136,24075
1/24/2021 12:00:00 AM,60088,710,6176
1/24/2021 12:00:00 AM,60089,2259,32607
1/24/2021 12:00:00 AM,60090,3566,43048
1/24/2021 12:00:00 AM,60091,1196,23772
1/24/2021 12:00:00 AM,60093,1223,19346
1/24/2021 12:00:00 AM,60095,8,55
1/24/2021 12:00:00 AM,60096,488,3926
1/24/2021 12:00:00 AM,60097,735,7206
1/24/2021 12:00:00 AM,60098,2605,31720
1/24/2021 12:00:00 AM,60099,3029,31080
1/24/2021 12:00:00 AM,60101,4271,30190
1/24/2021 12:00:00 AM,60102,2226,21603
1/24/2021 12:00:00 AM,60103,3464,37706
1/24/2021 12:00:00 AM,60104,1990,16406
1/24/2021 12:00:00 AM,60105,8,154
1/24/2021 12:00:00 AM,60106,2044,20706
1/24/2021 12:00:00 AM,60107,3915,35316
1/24/2021 12:00:00 AM,60108,2169,30977
1/24/2021 12:00:00 AM,60109,59,786
1/24/2021 12:00:00 AM,60110,3969,25551
1/24/2021 12:00:00 AM,60111,19,185
1/24/2021 12:00:00 AM,60112,341,3493
1/24/2021 12:00:00 AM,60113,35,376
1/24/2021 12:00:00 AM,60115,3240,45536
1/24/2021 12:00:00 AM,60116,8,102
1/24/2021 12:00:00 AM,60118,1136,10843
1/24/2021 12:00:00 AM,60119,729,7708
1/24/2021 12:00:00 AM,60120,5549,39127
1/24/2021 12:00:00 AM,60121,30,358
1/24/2021 12:00:00 AM,60123,4694,44991
1/24/2021 12:00:00 AM,60124,1882,17830
1/24/2021 12:00:00 AM,60125,6,109
1/24/2021 12:00:00 AM,60126,3623,53505
1/24/2021 12:00:00 AM,60129,20,154
1/24/2021 12:00:00 AM,60130,994,20864
1/24/2021 12:00:00 AM,60131,2105,20396
1/24/2021 12:00:00 AM,60133,4068,31559
1/24/2021 12:00:00 AM,60134,2006,26381
1/24/2021 12:00:00 AM,60135,637,5261
1/24/2021 12:00:00 AM,60136,667,5770
1/24/2021 12:00:00 AM,60137,2659,34836
1/24/2021 12:00:00 AM,60138,10,135
1/24/2021 12:00:00 AM,60139,3409,26620
1/24/2021 12:00:00 AM,60140,1527,14004
1/24/2021 12:00:00 AM,60141,64,2592
1/24/2021 12:00:00 AM,60142,1879,23366
1/24/2021 12:00:00 AM,60143,965,10445
1/24/2021 12:00:00 AM,60144,11,128
1/24/2021 12:00:00 AM,60145,172,1431
1/24/2021 12:00:00 AM,60146,219,1916
1/24/2021 12:00:00 AM,60147,13,164
1/24/2021 12:00:00 AM,60148,3588,50569
1/24/2021 12:00:00 AM,60150,88,1151
1/24/2021 12:00:00 AM,60151,269,2706
1/24/2021 12:00:00 AM,60152,944,8692
1/24/2021 12:00:00 AM,60153,2151,18343
1/24/2021 12:00:00 AM,60154,1335,15947
1/24/2021 12:00:00 AM,60155,715,6568
1/24/2021 12:00:00 AM,60156,1981,18420
1/24/2021 12:00:00 AM,60157,192,1848
1/24/2021 12:00:00 AM,60159,46,318
1/24/2021 12:00:00 AM,60160,3233,22844
1/24/2021 12:00:00 AM,60161,10,149
1/24/2021 12:00:00 AM,60162,1333,13381
1/24/2021 12:00:00 AM,60163,544,4432
1/24/2021 12:00:00 AM,60164,2701,28288
1/24/2021 12:00:00 AM,60165,640,3337
1/24/2021 12:00:00 AM,60168,22,165
1/24/2021 12:00:00 AM,60169,2606,26082
1/24/2021 12:00:00 AM,60170,7,96
1/24/2021 12:00:00 AM,60171,978,8082
1/24/2021 12:00:00 AM,60172,1986,18789
1/24/2021 12:00:00 AM,60173,783,8666
1/24/2021 12:00:00 AM,60174,2528,33050
1/24/2021 12:00:00 AM,60175,2135,31539
1/24/2021 12:00:00 AM,60176,1171,8175
1/24/2021 12:00:00 AM,60177,2318,29608
1/24/2021 12:00:00 AM,60178,1601,17289
1/24/2021 12:00:00 AM,60180,94,924
1/24/2021 12:00:00 AM,60181,2421,23469
1/24/2021 12:00:00 AM,60183,11,117
1/24/2021 12:00:00 AM,60184,200,1763
1/24/2021 12:00:00 AM,60185,3856,36277
1/24/2021 12:00:00 AM,60186,11,86
1/24/2021 12:00:00 AM,60187,1816,39372
1/24/2021 12:00:00 AM,60188,3797,34431
1/24/2021 12:00:00 AM,60189,1904,26679
1/24/2021 12:00:00 AM,60190,896,10165
1/24/2021 12:00:00 AM,60191,1383,11480
1/24/2021 12:00:00 AM,60192,852,10636
1/24/2021 12:00:00 AM,60193,2587,33927
1/24/2021 12:00:00 AM,60194,1252,20319
1/24/2021 12:00:00 AM,60195,267,2918
1/24/2021 12:00:00 AM,60196,9,242
1/24/2021 12:00:00 AM,60201,1829,66202
1/24/2021 12:00:00 AM,60202,1769,41863
1/24/2021 12:00:00 AM,60203,223,4397
1/24/2021 12:00:00 AM,60204,12,278
1/24/2021 12:00:00 AM,60208,20,50932
1/24/2021 12:00:00 AM,60301,165,3014
1/24/2021 12:00:00 AM,60302,1664,34085
1/24/2021 12:00:00 AM,60303,13,250
1/24/2021 12:00:00 AM,60304,777,16449
1/24/2021 12:00:00 AM,60305,602,10459
1/24/2021 12:00:00 AM,60401,697,10642
1/24/2021 12:00:00 AM,60402,7461,56495
1/24/2021 12:00:00 AM,60403,1546,22898
1/24/2021 12:00:00 AM,60404,1691,16067
1/24/2021 12:00:00 AM,60406,2641,22741
1/24/2021 12:00:00 AM,60407,110,1130
1/24/2021 12:00:00 AM,60408,484,4291
1/24/2021 12:00:00 AM,60409,3059,30455
1/24/2021 12:00:00 AM,60410,1130,9001
1/24/2021 12:00:00 AM,60411,4936,61100
1/24/2021 12:00:00 AM,60412,9,156
1/24/2021 12:00:00 AM,60415,1060,12541
1/24/2021 12:00:00 AM,60416,884,7123
1/24/2021 12:00:00 AM,60417,1277,20840
1/24/2021 12:00:00 AM,60418,879,9317
1/24/2021 12:00:00 AM,60419,1594,28828
1/24/2021 12:00:00 AM,60420,460,7807
1/24/2021 12:00:00 AM,60421,241,2233
1/24/2021 12:00:00 AM,60422,634,9288
1/24/2021 12:00:00 AM,60423,2858,23672
1/24/2021 12:00:00 AM,60424,164,1481
1/24/2021 12:00:00 AM,60425,750,10819
1/24/2021 12:00:00 AM,60426,2216,21337
1/24/2021 12:00:00 AM,60428,881,9445
1/24/2021 12:00:00 AM,60429,1179,14816
1/24/2021 12:00:00 AM,60430,1360,18719
1/24/2021 12:00:00 AM,60431,2639,21302
1/24/2021 12:00:00 AM,60432,2207,14109
1/24/2021 12:00:00 AM,60433,1593,14499
1/24/2021 12:00:00 AM,60434,365,5622
1/24/2021 12:00:00 AM,60435,4538,43872
1/24/2021 12:00:00 AM,60436,1784,16995
1/24/2021 12:00:00 AM,60437,9,145
1/24/2021 12:00:00 AM,60438,2818,24202
1/24/2021 12:00:00 AM,60439,1835,25268
1/24/2021 12:00:00 AM,60440,4667,53880
1/24/2021 12:00:00 AM,60441,2877,22955
1/24/2021 12:00:00 AM,60442,919,7286
1/24/2021 12:00:00 AM,60443,1642,18693
1/24/2021 12:00:00 AM,60444,121,1110
1/24/2021 12:00:00 AM,60445,1615,17937
1/24/2021 12:00:00 AM,60446,3927,33718
1/24/2021 12:00:00 AM,60447,1252,10685
1/24/2021 12:00:00 AM,60448,2034,16513
1/24/2021 12:00:00 AM,60449,627,6418
1/24/2021 12:00:00 AM,60450,1845,15192
1/24/2021 12:00:00 AM,60451,2764,24727
1/24/2021 12:00:00 AM,60452,2455,19675
1/24/2021 12:00:00 AM,60453,4973,53196
1/24/2021 12:00:00 AM,60454,17,118
1/24/2021 12:00:00 AM,60455,1540,16010
1/24/2021 12:00:00 AM,60456,316,3433
1/24/2021 12:00:00 AM,60457,1063,9735
1/24/2021 12:00:00 AM,60458,1178,10403
1/24/2021 12:00:00 AM,60459,2757,21651
1/24/2021 12:00:00 AM,60460,139,1556
1/24/2021 12:00:00 AM,60461,277,3985
1/24/2021 12:00:00 AM,60462,3238,31879
1/24/2021 12:00:00 AM,60463,1352,18582
1/24/2021 12:00:00 AM,60464,728,8049
1/24/2021 12:00:00 AM,60465,1534,13648
1/24/2021 12:00:00 AM,60466,1822,23862
1/24/2021 12:00:00 AM,60467,2072,21569
1/24/2021 12:00:00 AM,60468,521,4186
1/24/2021 12:00:00 AM,60469,672,4605
1/24/2021 12:00:00 AM,60470,34,490
1/24/2021 12:00:00 AM,60471,984,16026
1/24/2021 12:00:00 AM,60472,293,4997
1/24/2021 12:00:00 AM,60473,1952,28583
1/24/2021 12:00:00 AM,60474,80,598
1/24/2021 12:00:00 AM,60475,727,6620
1/24/2021 12:00:00 AM,60476,222,2019
1/24/2021 12:00:00 AM,60477,3173,28379
1/24/2021 12:00:00 AM,60478,1300,17301
1/24/2021 12:00:00 AM,60479,37,415
1/24/2021 12:00:00 AM,60480,438,4416
1/24/2021 12:00:00 AM,60481,1065,12635
1/24/2021 12:00:00 AM,60482,716,6049
1/24/2021 12:00:00 AM,60484,477,5274
1/24/2021 12:00:00 AM,60487,2200,18291
1/24/2021 12:00:00 AM,60490,1504,17044
1/24/2021 12:00:00 AM,60491,1932,18526
1/24/2021 12:00:00 AM,60501,1265,8017
1/24/2021 12:00:00 AM,60502,1212,15666
1/24/2021 12:00:00 AM,60503,916,10836
1/24/2021 12:00:00 AM,60504,2664,27816
1/24/2021 12:00:00 AM,60505,7501,53660
1/24/2021 12:00:00 AM,60506,5426,52782
1/24/2021 12:00:00 AM,60507,25,285
1/24/2021 12:00:00 AM,60510,1791,23510
1/24/2021 12:00:00 AM,60511,100,1091
1/24/2021 12:00:00 AM,60512,76,799
1/24/2021 12:00:00 AM,60513,1518,17949
1/24/2021 12:00:00 AM,60514,706,8124
1/24/2021 12:00:00 AM,60515,1669,23651
1/24/2021 12:00:00 AM,60516,1712,23495
1/24/2021 12:00:00 AM,60517,2243,26251
1/24/2021 12:00:00 AM,60518,204,2102
1/24/2021 12:00:00 AM,60519,13,102
1/24/2021 12:00:00 AM,60520,187,1950
1/24/2021 12:00:00 AM,60521,1303,19111
1/24/2021 12:00:00 AM,60523,805,11020
1/24/2021 12:00:00 AM,60524,6,33
1/24/2021 12:00:00 AM,60525,2584,39357
1/24/2021 12:00:00 AM,60526,910,20990
1/24/2021 12:00:00 AM,60527,2274,33229
1/24/2021 12:00:00 AM,60528,9,30
1/24/2021 12:00:00 AM,60530,33,523
1/24/2021 12:00:00 AM,60531,148,1139
1/24/2021 12:00:00 AM,60532,1554,26017
1/24/2021 12:00:00 AM,60534,1062,8595
1/24/2021 12:00:00 AM,60536,16,126
1/24/2021 12:00:00 AM,60537,45,365
1/24/2021 12:00:00 AM,60538,2439,20707
1/24/2021 12:00:00 AM,60539,30,335
1/24/2021 12:00:00 AM,60540,2246,32690
1/24/2021 12:00:00 AM,60541,230,1771
1/24/2021 12:00:00 AM,60542,1415,16159
1/24/2021 12:00:00 AM,60543,2791,26908
1/24/2021 12:00:00 AM,60544,2240,26493
1/24/2021 12:00:00 AM,60545,1273,9584
1/24/2021 12:00:00 AM,60546,1233,21523
1/24/2021 12:00:00 AM,60548,1079,10562
1/24/2021 12:00:00 AM,60549,51,433
1/24/2021 12:00:00 AM,60550,114,1138
1/24/2021 12:00:00 AM,60551,587,10906
1/24/2021 12:00:00 AM,60552,324,2743
1/24/2021 12:00:00 AM,60553,39,330
1/24/2021 12:00:00 AM,60554,765,8415
1/24/2021 12:00:00 AM,60555,1124,10832
1/24/2021 12:00:00 AM,60556,94,1070
1/24/2021 12:00:00 AM,60558,898,11777
1/24/2021 12:00:00 AM,60559,1782,24926
1/24/2021 12:00:00 AM,60560,2075,22284
1/24/2021 12:00:00 AM,60561,1485,16682
1/24/2021 12:00:00 AM,60563,2456,47521
1/24/2021 12:00:00 AM,60564,2442,33298
1/24/2021 12:00:00 AM,60565,2075,29066
1/24/2021 12:00:00 AM,60567,11,235
1/24/2021 12:00:00 AM,60585,1745,18621
1/24/2021 12:00:00 AM,60586,4235,35424
1/24/2021 12:00:00 AM,60598,11,102
1/24/2021 12:00:00 AM,60601,850,17984
1/24/2021 12:00:00 AM,60602,76,1948
1/24/2021 12:00:00 AM,60603,58,1406
1/24/2021 12:00:00 AM,60604,93,1531
1/24/2021 12:00:00 AM,60605,1545,31602
1/24/2021 12:00:00 AM,60606,256,5971
1/24/2021 12:00:00 AM,60607,2162,41756
1/24/2021 12:00:00 AM,60608,7018,77276
1/24/2021 12:00:00 AM,60609,6230,58854
1/24/2021 12:00:00 AM,60610,2621,49749
1/24/2021 12:00:00 AM,60611,1777,38783
1/24/2021 12:00:00 AM,60612,2934,48680
1/24/2021 12:00:00 AM,60613,2978,61948
1/24/2021 12:00:00 AM,60614,4366,97740
1/24/2021 12:00:00 AM,60615,1826,51454
1/24/2021 12:00:00 AM,60616,3037,57323
1/24/2021 12:00:00 AM,60617,6686,65795
1/24/2021 12:00:00 AM,60618,6862,91161
1/24/2021 12:00:00 AM,60619,3609,50454
1/24/2021 12:00:00 AM,60620,4320,55057
1/24/2021 12:00:00 AM,60621,1888,22190
1/24/2021 12:00:00 AM,60622,4132,72301
1/24/2021 12:00:00 AM,60623,9777,68287
1/24/2021 12:00:00 AM,60624,2718,28731
1/24/2021 12:00:00 AM,60625,5755,76314
1/24/2021 12:00:00 AM,60626,3606,76775
1/24/2021 12:00:00 AM,60627,6,321
1/24/2021 12:00:00 AM,60628,4164,49687
1/24/2021 12:00:00 AM,60629,15300,92899
1/24/2021 12:00:00 AM,60630,4588,47325
1/24/2021 12:00:00 AM,60631,2551,34699
1/24/2021 12:00:00 AM,60632,11906,70777
1/24/2021 12:00:00 AM,60633,1613,17712
1/24/2021 12:00:00 AM,60634,8618,75279
1/24/2021 12:00:00 AM,60635,7,272
1/24/2021 12:00:00 AM,60636,2680,23946
1/24/2021 12:00:00 AM,60637,2676,82137
1/24/2021 12:00:00 AM,60638,6892,48827
1/24/2021 12:00:00 AM,60639,12765,83274
1/24/2021 12:00:00 AM,60640,3725,82858
1/24/2021 12:00:00 AM,60641,7590,77581
1/24/2021 12:00:00 AM,60642,1579,25862
1/24/2021 12:00:00 AM,60643,3613,59568
1/24/2021 12:00:00 AM,60644,3548,42695
1/24/2021 12:00:00 AM,60645,3979,52280
1/24/2021 12:00:00 AM,60646,2163,28681
1/24/2021 12:00:00 AM,60647,7303,107790
1/24/2021 12:00:00 AM,60649,2714,41660
1/24/2021 12:00:00 AM,60650,22,278
1/24/2021 12:00:00 AM,60651,6642,52634
1/24/2021 12:00:00 AM,60652,4561,36082
1/24/2021 12:00:00 AM,60653,2086,36147
1/24/2021 12:00:00 AM,60654,1621,24875
1/24/2021 12:00:00 AM,60655,2925,27164
1/24/2021 12:00:00 AM,60656,2474,22939
1/24/2021 12:00:00 AM,60657,4071,83470
1/24/2021 12:00:00 AM,60659,3400,33343
1/24/2021 12:00:00 AM,60660,2230,41449
1/24/2021 12:00:00 AM,60661,637,11727
1/24/2021 12:00:00 AM,60664,6,153
1/24/2021 12:00:00 AM,60680,35,902
1/24/2021 12:00:00 AM,60690,10,378
1/24/2021 12:00:00 AM,60706,2439,22762
1/24/2021 12:00:00 AM,60707,4540,45715
1/24/2021 12:00:00 AM,60712,1919,20369
1/24/2021 12:00:00 AM,60714,3128,47635
1/24/2021 12:00:00 AM,60801,8,253
1/24/2021 12:00:00 AM,60803,1881,14636
1/24/2021 12:00:00 AM,60804,11731,71744
1/24/2021 12:00:00 AM,60805,1724,21176
1/24/2021 12:00:00 AM,60806,6,57
1/24/2021 12:00:00 AM,60827,1474,17357
1/24/2021 12:00:00 AM,60901,4224,61384
1/24/2021 12:00:00 AM,60910,34,672
1/24/2021 12:00:00 AM,60911,148,1729
1/24/2021 12:00:00 AM,60912,43,365
1/24/2021 12:00:00 AM,60913,157,1424
1/24/2021 12:00:00 AM,60914,3003,35280
1/24/2021 12:00:00 AM,60915,1077,13922
1/24/2021 12:00:00 AM,60917,53,535
1/24/2021 12:00:00 AM,60918,49,890
1/24/2021 12:00:00 AM,60919,28,382
1/24/2021 12:00:00 AM,60920,15,257
1/24/2021 12:00:00 AM,60921,112,1519
1/24/2021 12:00:00 AM,60922,224,2320
1/24/2021 12:00:00 AM,60924,173,1545
1/24/2021 12:00:00 AM,60927,250,4794
1/24/2021 12:00:00 AM,60928,62,595
1/24/2021 12:00:00 AM,60929,61,741
1/24/2021 12:00:00 AM,60930,81,4012
1/24/2021 12:00:00 AM,60931,54,559
1/24/2021 12:00:00 AM,60932,13,109
1/24/2021 12:00:00 AM,60933,23,304
1/24/2021 12:00:00 AM,60934,29,279
1/24/2021 12:00:00 AM,60935,109,808
1/24/2021 12:00:00 AM,60936,437,6956
1/24/2021 12:00:00 AM,60938,283,3203
1/24/2021 12:00:00 AM,60940,225,2210
1/24/2021 12:00:00 AM,60941,191,2014
1/24/2021 12:00:00 AM,60942,610,7526
1/24/2021 12:00:00 AM,60944,7,112
1/24/2021 12:00:00 AM,60945,11,102
1/24/2021 12:00:00 AM,60946,23,308
1/24/2021 12:00:00 AM,60948,136,1730
1/24/2021 12:00:00 AM,60949,51,828
1/24/2021 12:00:00 AM,60950,1190,22401
1/24/2021 12:00:00 AM,60951,63,863
1/24/2021 12:00:00 AM,60952,58,686
1/24/2021 12:00:00 AM,60953,191,1885
1/24/2021 12:00:00 AM,60954,626,8315
1/24/2021 12:00:00 AM,60955,221,2491
1/24/2021 12:00:00 AM,60956,17,84
1/24/2021 12:00:00 AM,60957,584,7215
1/24/2021 12:00:00 AM,60958,135,1697
1/24/2021 12:00:00 AM,60959,118,1223
1/24/2021 12:00:00 AM,60960,62,834
1/24/2021 12:00:00 AM,60961,58,631
1/24/2021 12:00:00 AM,60962,38,520
1/24/2021 12:00:00 AM,60963,162,1741
1/24/2021 12:00:00 AM,60964,431,4743
1/24/2021 12:00:00 AM,60966,84,1354
1/24/2021 12:00:00 AM,60967,6,49
1/24/2021 12:00:00 AM,60968,36,340
1/24/2021 12:00:00 AM,60969,12,82
1/24/2021 12:00:00 AM,60970,540,6323
1/24/2021 12:00:00 AM,60973,45,386
1/24/2021 12:00:00 AM,60974,13,215
1/24/2021 12:00:00 AM,61001,81,603
1/24/2021 12:00:00 AM,61006,134,924
1/24/2021 12:00:00 AM,61007,39,336
1/24/2021 12:00:00 AM,61008,3902,31299
1/24/2021 12:00:00 AM,61010,848,8670
1/24/2021 12:00:00 AM,61011,259,2294
1/24/2021 12:00:00 AM,61012,194,1480
1/24/2021 12:00:00 AM,61013,61,449
1/24/2021 12:00:00 AM,61014,61,578
1/24/2021 12:00:00 AM,61015,80,556
1/24/2021 12:00:00 AM,61016,482,3750
1/24/2021 12:00:00 AM,61018,84,693
1/24/2021 12:00:00 AM,61019,255,2220
1/24/2021 12:00:00 AM,61020,284,2127
1/24/2021 12:00:00 AM,61021,2104,36010
1/24/2021 12:00:00 AM,61024,189,1708
1/24/2021 12:00:00 AM,61025,254,1690
1/24/2021 12:00:00 AM,61028,110,1164
1/24/2021 12:00:00 AM,61030,183,1941
1/24/2021 12:00:00 AM,61031,165,1301
1/24/2021 12:00:00 AM,61032,2429,29153
1/24/2021 12:00:00 AM,61036,445,7763
1/24/2021 12:00:00 AM,61037,22,103
1/24/2021 12:00:00 AM,61038,106,733
1/24/2021 12:00:00 AM,61039,61,565
1/24/2021 12:00:00 AM,61041,87,832
1/24/2021 12:00:00 AM,61042,40,372
1/24/2021 12:00:00 AM,61043,14,83
1/24/2021 12:00:00 AM,61044,14,85
1/24/2021 12:00:00 AM,61046,213,1603
1/24/2021 12:00:00 AM,61047,132,1294
1/24/2021 12:00:00 AM,61048,347,3812
1/24/2021 12:00:00 AM,61049,28,241
1/24/2021 12:00:00 AM,61050,20,194
1/24/2021 12:00:00 AM,61051,123,781
1/24/2021 12:00:00 AM,61052,85,641
1/24/2021 12:00:00 AM,61053,200,3602
1/24/2021 12:00:00 AM,61054,249,5176
1/24/2021 12:00:00 AM,61059,19,80
1/24/2021 12:00:00 AM,61060,95,784
1/24/2021 12:00:00 AM,61061,592,5486
1/24/2021 12:00:00 AM,61062,161,982
1/24/2021 12:00:00 AM,61063,311,2985
1/24/2021 12:00:00 AM,61064,252,3471
1/24/2021 12:00:00 AM,61065,946,7904
1/24/2021 12:00:00 AM,61067,62,392
1/24/2021 12:00:00 AM,61068,1492,10324
1/24/2021 12:00:00 AM,61070,75,557
1/24/2021 12:00:00 AM,61071,1190,8534
1/24/2021 12:00:00 AM,61072,1045,9982
1/24/2021 12:00:00 AM,61073,1779,16806
1/24/2021 12:00:00 AM,61074,364,4233
1/24/2021 12:00:00 AM,61075,81,619
1/24/2021 12:00:00 AM,61078,92,810
1/24/2021 12:00:00 AM,61080,1015,7708
1/24/2021 12:00:00 AM,61081,2085,17780
1/24/2021 12:00:00 AM,61084,247,1907
1/24/2021 12:00:00 AM,61085,273,2518
1/24/2021 12:00:00 AM,61087,143,800
1/24/2021 12:00:00 AM,61088,541,4782
1/24/2021 12:00:00 AM,61089,46,368
1/24/2021 12:00:00 AM,61091,8,42
1/24/2021 12:00:00 AM,61101,1614,18077
1/24/2021 12:00:00 AM,61102,1781,14356
1/24/2021 12:00:00 AM,61103,1998,26230
1/24/2021 12:00:00 AM,61104,1621,14159
1/24/2021 12:00:00 AM,61105,14,195
1/24/2021 12:00:00 AM,61107,2962,37088
1/24/2021 12:00:00 AM,61108,3021,31782
1/24/2021 12:00:00 AM,61109,2522,21118
1/24/2021 12:00:00 AM,61111,2200,25087
1/24/2021 12:00:00 AM,61112,25,956
1/24/2021 12:00:00 AM,61114,1486,18985
1/24/2021 12:00:00 AM,61115,2042,19844
1/24/2021 12:00:00 AM,61125,10,92
1/24/2021 12:00:00 AM,61126,9,125
1/24/2021 12:00:00 AM,61132,8,112
1/24/2021 12:00:00 AM,61201,3047,37401
1/24/2021 12:00:00 AM,61204,16,146
1/24/2021 12:00:00 AM,61230,105,570
1/24/2021 12:00:00 AM,61231,423,5844
1/24/2021 12:00:00 AM,61232,133,1090
1/24/2021 12:00:00 AM,61233,37,494
1/24/2021 12:00:00 AM,61234,100,1151
1/24/2021 12:00:00 AM,61235,97,1424
1/24/2021 12:00:00 AM,61236,9,90
1/24/2021 12:00:00 AM,61238,235,2484
1/24/2021 12:00:00 AM,61239,63,807
1/24/2021 12:00:00 AM,61240,461,4873
1/24/2021 12:00:00 AM,61241,556,5630
1/24/2021 12:00:00 AM,61242,79,705
1/24/2021 12:00:00 AM,61243,11,77
1/24/2021 12:00:00 AM,61244,2126,27510
1/24/2021 12:00:00 AM,61250,235,1862
1/24/2021 12:00:00 AM,61251,29,226
1/24/2021 12:00:00 AM,61252,485,2956
1/24/2021 12:00:00 AM,61254,878,12163
1/24/2021 12:00:00 AM,61256,156,1466
1/24/2021 12:00:00 AM,61257,75,857
1/24/2021 12:00:00 AM,61258,14,213
1/24/2021 12:00:00 AM,61259,66,614
1/24/2021 12:00:00 AM,61260,46,471
1/24/2021 12:00:00 AM,61261,73,681
1/24/2021 12:00:00 AM,61262,54,555
1/24/2021 12:00:00 AM,61263,51,639
1/24/2021 12:00:00 AM,61264,748,7990
1/24/2021 12:00:00 AM,61265,3693,37631
1/24/2021 12:00:00 AM,61266,6,89
1/24/2021 12:00:00 AM,61270,742,5059
1/24/2021 12:00:00 AM,61272,91,758
1/24/2021 12:00:00 AM,61273,273,2434
1/24/2021 12:00:00 AM,61274,17,243
1/24/2021 12:00:00 AM,61275,359,3327
1/24/2021 12:00:00 AM,61276,8,100
1/24/2021 12:00:00 AM,61277,350,5603
1/24/2021 12:00:00 AM,61278,43,388
1/24/2021 12:00:00 AM,61279,71,675
1/24/2021 12:00:00 AM,61281,211,1960
1/24/2021 12:00:00 AM,61282,729,8867
1/24/2021 12:00:00 AM,61283,86,851
1/24/2021 12:00:00 AM,61284,187,1651
1/24/2021 12:00:00 AM,61285,437,4058
1/24/2021 12:00:00 AM,61301,945,11351
1/24/2021 12:00:00 AM,61310,311,2516
1/24/2021 12:00:00 AM,61311,22,129
1/24/2021 12:00:00 AM,61312,34,305
1/24/2021 12:00:00 AM,61313,27,189
1/24/2021 12:00:00 AM,61314,76,567
1/24/2021 12:00:00 AM,61315,21,205
1/24/2021 12:00:00 AM,61316,22,394
1/24/2021 12:00:00 AM,61317,36,259
1/24/2021 12:00:00 AM,61318,42,347
1/24/2021 12:00:00 AM,61319,96,1106
1/24/2021 12:00:00 AM,61320,44,502
1/24/2021 12:00:00 AM,61321,20,214
1/24/2021 12:00:00 AM,61322,185,857
1/24/2021 12:00:00 AM,61325,81,911
1/24/2021 12:00:00 AM,61326,153,1317
1/24/2021 12:00:00 AM,61327,70,1166
1/24/2021 12:00:00 AM,61329,110,941
1/24/2021 12:00:00 AM,61330,119,1025
1/24/2021 12:00:00 AM,61333,42,425
1/24/2021 12:00:00 AM,61334,56,357
1/24/2021 12:00:00 AM,61335,30,360
1/24/2021 12:00:00 AM,61336,26,375
1/24/2021 12:00:00 AM,61337,40,356
1/24/2021 12:00:00 AM,61338,30,234
1/24/2021 12:00:00 AM,61340,19,301
1/24/2021 12:00:00 AM,61341,650,7880
1/24/2021 12:00:00 AM,61342,1061,8121
1/24/2021 12:00:00 AM,61344,21,196
1/24/2021 12:00:00 AM,61345,65,502
1/24/2021 12:00:00 AM,61348,407,3806
1/24/2021 12:00:00 AM,61349,78,700
1/24/2021 12:00:00 AM,61350,1921,24420
1/24/2021 12:00:00 AM,61353,79,823
1/24/2021 12:00:00 AM,61354,1071,9846
1/24/2021 12:00:00 AM,61356,1006,11198
1/24/2021 12:00:00 AM,61358,23,272
1/24/2021 12:00:00 AM,61359,31,211
1/24/2021 12:00:00 AM,61360,259,1930
1/24/2021 12:00:00 AM,61361,106,969
1/24/2021 12:00:00 AM,61362,616,7264
1/24/2021 12:00:00 AM,61363,23,139
1/24/2021 12:00:00 AM,61364,1665,21447
1/24/2021 12:00:00 AM,61367,74,427
1/24/2021 12:00:00 AM,61368,81,882
1/24/2021 12:00:00 AM,61369,111,4148
1/24/2021 12:00:00 AM,61370,79,834
1/24/2021 12:00:00 AM,61372,13,216
1/24/2021 12:00:00 AM,61373,162,1443
1/24/2021 12:00:00 AM,61374,6,41
1/24/2021 12:00:00 AM,61375,45,761
1/24/2021 12:00:00 AM,61376,200,2378
1/24/2021 12:00:00 AM,61377,91,910
1/24/2021 12:00:00 AM,61378,24,181
1/24/2021 12:00:00 AM,61379,95,826
1/24/2021 12:00:00 AM,61401,3037,35813
1/24/2021 12:00:00 AM,61402,148,9758
1/24/2021 12:00:00 AM,61410,295,2653
1/24/2021 12:00:00 AM,61411,28,303
1/24/2021 12:00:00 AM,61412,124,887
1/24/2021 12:00:00 AM,61413,61,619
1/24/2021 12:00:00 AM,61414,46,526
1/24/2021 12:00:00 AM,61415,142,1009
1/24/2021 12:00:00 AM,61417,17,160
1/24/2021 12:00:00 AM,61418,37,347
1/24/2021 12:00:00 AM,61419,9,86
1/24/2021 12:00:00 AM,61420,59,775
1/24/2021 12:00:00 AM,61421,109,1105
1/24/2021 12:00:00 AM,61422,280,3023
1/24/2021 12:00:00 AM,61423,52,357
1/24/2021 12:00:00 AM,61424,12,109
1/24/2021 12:00:00 AM,61425,24,221
1/24/2021 12:00:00 AM,61426,7,68
1/24/2021 12:00:00 AM,61427,123,2887
1/24/2021 12:00:00 AM,61428,92,821
1/24/2021 12:00:00 AM,61430,64,565
1/24/2021 12:00:00 AM,61431,24,372
1/24/2021 12:00:00 AM,61432,33,772
1/24/2021 12:00:00 AM,61433,12,95
1/24/2021 12:00:00 AM,61434,230,2442
1/24/2021 12:00:00 AM,61435,14,126
1/24/2021 12:00:00 AM,61436,60,563
1/24/2021 12:00:00 AM,61437,33,399
1/24/2021 12:00:00 AM,61438,40,701
1/24/2021 12:00:00 AM,61439,27,154
1/24/2021 12:00:00 AM,61440,37,610
1/24/2021 12:00:00 AM,61441,62,717
1/24/2021 12:00:00 AM,61442,55,491
1/24/2021 12:00:00 AM,61443,1284,15785
1/24/2021 12:00:00 AM,61447,66,511
1/24/2021 12:00:00 AM,61448,392,4495
1/24/2021 12:00:00 AM,61449,24,293
1/24/2021 12:00:00 AM,61450,130,1146
1/24/2021 12:00:00 AM,61451,27,294
1/24/2021 12:00:00 AM,61452,21,218
1/24/2021 12:00:00 AM,61453,52,444
1/24/2021 12:00:00 AM,61454,45,543
1/24/2021 12:00:00 AM,61455,1520,22054
1/24/2021 12:00:00 AM,61458,55,557
1/24/2021 12:00:00 AM,61459,12,240
1/24/2021 12:00:00 AM,61460,18,262
1/24/2021 12:00:00 AM,61462,1116,8247
1/24/2021 12:00:00 AM,61465,65,679
1/24/2021 12:00:00 AM,61466,27,171
1/24/2021 12:00:00 AM,61467,85,643
1/24/2021 12:00:00 AM,61469,135,1162
1/24/2021 12:00:00 AM,61470,27,443
1/24/2021 12:00:00 AM,61471,14,57
1/24/2021 12:00:00 AM,61472,47,366
1/24/2021 12:00:00 AM,61473,100,1168
1/24/2021 12:00:00 AM,61474,20,177
1/24/2021 12:00:00 AM,61475,8,119
1/24/2021 12:00:00 AM,61476,21,344
1/24/2021 12:00:00 AM,61477,34,578
1/24/2021 12:00:00 AM,61478,18,127
1/24/2021 12:00:00 AM,61480,111,1736
1/24/2021 12:00:00 AM,61482,48,617
1/24/2021 12:00:00 AM,61483,199,3057
1/24/2021 12:00:00 AM,61484,47,671
1/24/2021 12:00:00 AM,61485,36,427
1/24/2021 12:00:00 AM,61486,102,1026
1/24/2021 12:00:00 AM,61488,89,767
1/24/2021 12:00:00 AM,61489,89,775
1/24/2021 12:00:00 AM,61490,62,668
1/24/2021 12:00:00 AM,61491,169,2123
1/24/2021 12:00:00 AM,61501,137,1523
1/24/2021 12:00:00 AM,61516,45,614
1/24/2021 12:00:00 AM,61517,287,2796
1/24/2021 12:00:00 AM,61519,20,287
1/24/2021 12:00:00 AM,61520,1426,34991
1/24/2021 12:00:00 AM,61523,845,12391
1/24/2021 12:00:00 AM,61524,6,352
1/24/2021 12:00:00 AM,61525,917,11680
1/24/2021 12:00:00 AM,61526,84,1309
1/24/2021 12:00:00 AM,61528,265,3292
1/24/2021 12:00:00 AM,61529,205,2779
1/24/2021 12:00:00 AM,61530,622,9990
1/24/2021 12:00:00 AM,61531,231,5205
1/24/2021 12:00:00 AM,61532,41,554
1/24/2021 12:00:00 AM,61533,197,1855
1/24/2021 12:00:00 AM,61534,108,1318
1/24/2021 12:00:00 AM,61535,148,1579
1/24/2021 12:00:00 AM,61536,221,2644
1/24/2021 12:00:00 AM,61537,204,3753
1/24/2021 12:00:00 AM,61539,16,126
1/24/2021 12:00:00 AM,61540,128,2447
1/24/2021 12:00:00 AM,61542,277,3616
1/24/2021 12:00:00 AM,61544,21,684
1/24/2021 12:00:00 AM,61545,42,565
1/24/2021 12:00:00 AM,61546,336,4500
1/24/2021 12:00:00 AM,61547,327,3748
1/24/2021 12:00:00 AM,61548,1111,14684
1/24/2021 12:00:00 AM,61550,1934,24855
1/24/2021 12:00:00 AM,61552,11,217
1/24/2021 12:00:00 AM,61553,7,281
1/24/2021 12:00:00 AM,61554,3851,45944
1/24/2021 12:00:00 AM,61555,17,265
1/24/2021 12:00:00 AM,61559,248,2880
1/24/2021 12:00:00 AM,61560,39,454
1/24/2021 12:00:00 AM,61561,173,3093
1/24/2021 12:00:00 AM,61563,19,623
1/24/2021 12:00:00 AM,61564,111,980
1/24/2021 12:00:00 AM,61565,80,1070
1/24/2021 12:00:00 AM,61567,36,769
1/24/2021 12:00:00 AM,61568,525,4317
1/24/2021 12:00:00 AM,61569,70,981
1/24/2021 12:00:00 AM,61570,81,1771
1/24/2021 12:00:00 AM,61571,2114,26653
1/24/2021 12:00:00 AM,61572,91,818
1/24/2021 12:00:00 AM,61601,10,347
1/24/2021 12:00:00 AM,61602,102,1928
1/24/2021 12:00:00 AM,61603,1328,16522
1/24/2021 12:00:00 AM,61604,2703,38305
1/24/2021 12:00:00 AM,61605,1042,13763
1/24/2021 12:00:00 AM,61606,536,7689
1/24/2021 12:00:00 AM,61607,951,11069
1/24/2021 12:00:00 AM,61610,400,4802
1/24/2021 12:00:00 AM,61611,2088,27017
1/24/2021 12:00:00 AM,61612,13,316
1/24/2021 12:00:00 AM,61614,2484,42368
1/24/2021 12:00:00 AM,61615,1904,27318
1/24/2021 12:00:00 AM,61616,522,10453
1/24/2021 12:00:00 AM,61625,58,125
1/24/2021 12:00:00 AM,61701,2596,48888
1/24/2021 12:00:00 AM,61704,2476,36594
1/24/2021 12:00:00 AM,61705,1034,15226
1/24/2021 12:00:00 AM,61720,16,270
1/24/2021 12:00:00 AM,61721,26,539
1/24/2021 12:00:00 AM,61722,44,448
1/24/2021 12:00:00 AM,61723,174,2289
1/24/2021 12:00:00 AM,61724,31,551
1/24/2021 12:00:00 AM,61725,122,1341
1/24/2021 12:00:00 AM,61726,211,2793
1/24/2021 12:00:00 AM,61727,757,8520
1/24/2021 12:00:00 AM,61728,116,1537
1/24/2021 12:00:00 AM,61729,151,1135
1/24/2021 12:00:00 AM,61730,23,277
1/24/2021 12:00:00 AM,61731,18,252
1/24/2021 12:00:00 AM,61732,161,1936
1/24/2021 12:00:00 AM,61733,98,1057
1/24/2021 12:00:00 AM,61734,220,2433
1/24/2021 12:00:00 AM,61735,22,329
1/24/2021 12:00:00 AM,61736,156,2173
1/24/2021 12:00:00 AM,61737,29,403
1/24/2021 12:00:00 AM,61738,445,4647
1/24/2021 12:00:00 AM,61739,513,7877
1/24/2021 12:00:00 AM,61740,182,1906
1/24/2021 12:00:00 AM,61741,170,1925
1/24/2021 12:00:00 AM,61742,96,1170
1/24/2021 12:00:00 AM,61743,33,205
1/24/2021 12:00:00 AM,61744,175,1838
1/24/2021 12:00:00 AM,61745,318,4075
1/24/2021 12:00:00 AM,61747,88,4003
1/24/2021 12:00:00 AM,61748,216,2706
1/24/2021 12:00:00 AM,61749,49,428
1/24/2021 12:00:00 AM,61751,7,109
1/24/2021 12:00:00 AM,61752,250,4169
1/24/2021 12:00:00 AM,61753,249,2727
1/24/2021 12:00:00 AM,61754,89,1056
1/24/2021 12:00:00 AM,61755,449,4395
1/24/2021 12:00:00 AM,61756,145,1716
1/24/2021 12:00:00 AM,61759,133,1353
1/24/2021 12:00:00 AM,61760,177,3021
1/24/2021 12:00:00 AM,61761,4918,79084
1/24/2021 12:00:00 AM,61764,1449,28735
1/24/2021 12:00:00 AM,61769,40,779
1/24/2021 12:00:00 AM,61770,70,921
1/24/2021 12:00:00 AM,61771,82,820
1/24/2021 12:00:00 AM,61772,28,334
1/24/2021 12:00:00 AM,61773,53,599
1/24/2021 12:00:00 AM,61774,62,887
1/24/2021 12:00:00 AM,61775,35,308
1/24/2021 12:00:00 AM,61776,113,1245
1/24/2021 12:00:00 AM,61777,71,772
1/24/2021 12:00:00 AM,61778,46,439
1/24/2021 12:00:00 AM,61790,67,4436
1/24/2021 12:00:00 AM,61801,1356,315711
1/24/2021 12:00:00 AM,61802,1383,72821
1/24/2021 12:00:00 AM,61810,17,715
1/24/2021 12:00:00 AM,61811,75,650
1/24/2021 12:00:00 AM,61812,26,454
1/24/2021 12:00:00 AM,61813,132,2432
1/24/2021 12:00:00 AM,61814,123,1281
1/24/2021 12:00:00 AM,61815,13,618
1/24/2021 12:00:00 AM,61816,42,721
1/24/2021 12:00:00 AM,61817,314,2728
1/24/2021 12:00:00 AM,61818,160,1539
1/24/2021 12:00:00 AM,61820,4343,611458
1/24/2021 12:00:00 AM,61821,2027,117546
1/24/2021 12:00:00 AM,61822,1617,94106
1/24/2021 12:00:00 AM,61824,9,292
1/24/2021 12:00:00 AM,61830,28,492
1/24/2021 12:00:00 AM,61831,13,135
1/24/2021 12:00:00 AM,61832,2982,36430
1/24/2021 12:00:00 AM,61833,183,2345
1/24/2021 12:00:00 AM,61834,1537,17525
1/24/2021 12:00:00 AM,61839,24,730
1/24/2021 12:00:00 AM,61840,55,2029
1/24/2021 12:00:00 AM,61841,119,1355
1/24/2021 12:00:00 AM,61842,186,3061
1/24/2021 12:00:00 AM,61843,173,4772
1/24/2021 12:00:00 AM,61844,86,1053
1/24/2021 12:00:00 AM,61845,38,771
1/24/2021 12:00:00 AM,61846,376,3979
1/24/2021 12:00:00 AM,61847,151,4130
1/24/2021 12:00:00 AM,61848,21,241
1/24/2021 12:00:00 AM,61849,90,3421
1/24/2021 12:00:00 AM,61850,42,379
1/24/2021 12:00:00 AM,61851,17,994
1/24/2021 12:00:00 AM,61852,11,525
1/24/2021 12:00:00 AM,61853,956,38390
1/24/2021 12:00:00 AM,61854,98,1875
1/24/2021 12:00:00 AM,61856,554,12592
1/24/2021 12:00:00 AM,61857,14,198
1/24/2021 12:00:00 AM,61858,291,3202
1/24/2021 12:00:00 AM,61859,93,3032
1/24/2021 12:00:00 AM,61862,55,845
1/24/2021 12:00:00 AM,61863,66,2837
1/24/2021 12:00:00 AM,61864,128,5305
1/24/2021 12:00:00 AM,61865,124,1473
1/24/2021 12:00:00 AM,61866,1333,23083
1/24/2021 12:00:00 AM,61870,87,1265
1/24/2021 12:00:00 AM,61871,37,505
1/24/2021 12:00:00 AM,61872,41,1682
1/24/2021 12:00:00 AM,61873,532,15816
1/24/2021 12:00:00 AM,61874,553,48566
1/24/2021 12:00:00 AM,61875,45,1768
1/24/2021 12:00:00 AM,61876,71,644
1/24/2021 12:00:00 AM,61877,106,4139
1/24/2021 12:00:00 AM,61878,86,2485
1/24/2021 12:00:00 AM,61880,389,12786
1/24/2021 12:00:00 AM,61882,29,539
1/24/2021 12:00:00 AM,61883,450,4216
1/24/2021 12:00:00 AM,61884,82,1678
1/24/2021 12:00:00 AM,61910,708,4939
1/24/2021 12:00:00 AM,61911,395,2549
1/24/2021 12:00:00 AM,61912,85,892
1/24/2021 12:00:00 AM,61913,131,1509
1/24/2021 12:00:00 AM,61914,152,1493
1/24/2021 12:00:00 AM,61917,71,396
1/24/2021 12:00:00 AM,61919,66,933
1/24/2021 12:00:00 AM,61920,2077,24313
1/24/2021 12:00:00 AM,61924,184,2027
1/24/2021 12:00:00 AM,61925,82,653
1/24/2021 12:00:00 AM,61928,74,537
1/24/2021 12:00:00 AM,61929,45,622
1/24/2021 12:00:00 AM,61930,62,320
1/24/2021 12:00:00 AM,61931,112,962
1/24/2021 12:00:00 AM,61932,23,288
1/24/2021 12:00:00 AM,61933,61,534
1/24/2021 12:00:00 AM,61936,19,205
1/24/2021 12:00:00 AM,61937,135,1522
1/24/2021 12:00:00 AM,61938,2179,23949
1/24/2021 12:00:00 AM,61940,22,105
1/24/2021 12:00:00 AM,61942,81,1365
1/24/2021 12:00:00 AM,61943,155,915
1/24/2021 12:00:00 AM,61944,1078,6555
1/24/2021 12:00:00 AM,61951,835,12302
1/24/2021 12:00:00 AM,61953,586,9101
1/24/2021 12:00:00 AM,61956,232,3494
1/24/2021 12:00:00 AM,61957,159,1426
1/24/2021 12:00:00 AM,62001,169,2922
1/24/2021 12:00:00 AM,62002,2912,24747
1/24/2021 12:00:00 AM,62006,59,541
1/24/2021 12:00:00 AM,62009,131,1866
1/24/2021 12:00:00 AM,62010,1178,8659
1/24/2021 12:00:00 AM,62011,31,254
1/24/2021 12:00:00 AM,62012,620,4478
1/24/2021 12:00:00 AM,62013,48,322
1/24/2021 12:00:00 AM,62014,298,2508
1/24/2021 12:00:00 AM,62015,50,399
1/24/2021 12:00:00 AM,62016,366,2403
1/24/2021 12:00:00 AM,62017,102,907
1/24/2021 12:00:00 AM,62018,241,2064
1/24/2021 12:00:00 AM,62019,33,361
1/24/2021 12:00:00 AM,62021,74,492
1/24/2021 12:00:00 AM,62022,116,746
1/24/2021 12:00:00 AM,62024,781,6525
1/24/2021 12:00:00 AM,62025,3151,29864
1/24/2021 12:00:00 AM,62026,19,633
1/24/2021 12:00:00 AM,62027,34,313
1/24/2021 12:00:00 AM,62028,38,396
1/24/2021 12:00:00 AM,62031,82,553
1/24/2021 12:00:00 AM,62032,82,689
1/24/2021 12:00:00 AM,62033,482,7322
1/24/2021 12:00:00 AM,62034,1230,13873
1/24/2021 12:00:00 AM,62035,1754,14689
1/24/2021 12:00:00 AM,62036,68,377
1/24/2021 12:00:00 AM,62037,176,1741
1/24/2021 12:00:00 AM,62040,3489,24069
1/24/2021 12:00:00 AM,62044,157,1107
1/24/2021 12:00:00 AM,62045,29,420
1/24/2021 12:00:00 AM,62046,105,608
1/24/2021 12:00:00 AM,62047,155,2006
1/24/2021 12:00:00 AM,62048,118,837
1/24/2021 12:00:00 AM,62049,1494,20313
1/24/2021 12:00:00 AM,62050,32,332
1/24/2021 12:00:00 AM,62051,69,771
1/24/2021 12:00:00 AM,62052,1478,16448
1/24/2021 12:00:00 AM,62053,53,552
1/24/2021 12:00:00 AM,62054,81,465
1/24/2021 12:00:00 AM,62056,686,12297
1/24/2021 12:00:00 AM,62058,62,601
1/24/2021 12:00:00 AM,62059,35,392
1/24/2021 12:00:00 AM,62060,319,2566
1/24/2021 12:00:00 AM,62061,181,1169
1/24/2021 12:00:00 AM,62062,846,14193
1/24/2021 12:00:00 AM,62063,111,781
1/24/2021 12:00:00 AM,62067,265,1562
1/24/2021 12:00:00 AM,62069,268,3062
1/24/2021 12:00:00 AM,62074,76,783
1/24/2021 12:00:00 AM,62075,282,2643
1/24/2021 12:00:00 AM,62076,6,56
1/24/2021 12:00:00 AM,62077,25,300
1/24/2021 12:00:00 AM,62079,39,181
1/24/2021 12:00:00 AM,62080,258,2103
1/24/2021 12:00:00 AM,62081,14,195
1/24/2021 12:00:00 AM,62082,232,2034
1/24/2021 12:00:00 AM,62083,15,168
1/24/2021 12:00:00 AM,62084,128,962
1/24/2021 12:00:00 AM,62086,113,1030
1/24/2021 12:00:00 AM,62087,147,1126
1/24/2021 12:00:00 AM,62088,615,7847
1/24/2021 12:00:00 AM,62089,31,469
1/24/2021 12:00:00 AM,62090,81,631
1/24/2021 12:00:00 AM,62091,32,268
1/24/2021 12:00:00 AM,62092,343,3439
1/24/2021 12:00:00 AM,62093,29,397
1/24/2021 12:00:00 AM,62094,71,847
1/24/2021 12:00:00 AM,62095,1055,11161
1/24/2021 12:00:00 AM,62097,261,1978
1/24/2021 12:00:00 AM,62201,537,4510
1/24/2021 12:00:00 AM,62202,10,284
1/24/2021 12:00:00 AM,62203,555,6706
1/24/2021 12:00:00 AM,62204,358,4008
1/24/2021 12:00:00 AM,62205,582,5854
1/24/2021 12:00:00 AM,62206,1149,12795
1/24/2021 12:00:00 AM,62207,528,5062
1/24/2021 12:00:00 AM,62208,1424,13428
1/24/2021 12:00:00 AM,62214,121,774
1/24/2021 12:00:00 AM,62215,243,1400
1/24/2021 12:00:00 AM,62216,530,4403
1/24/2021 12:00:00 AM,62217,81,564
1/24/2021 12:00:00 AM,62218,253,1312
1/24/2021 12:00:00 AM,62219,133,831
1/24/2021 12:00:00 AM,62220,1755,15392
1/24/2021 12:00:00 AM,62221,2414,21139
1/24/2021 12:00:00 AM,62222,15,419
1/24/2021 12:00:00 AM,62223,1510,15043
1/24/2021 12:00:00 AM,62225,126,1368
1/24/2021 12:00:00 AM,62226,2775,28855
1/24/2021 12:00:00 AM,62230,1068,8363
1/24/2021 12:00:00 AM,62231,947,7369
1/24/2021 12:00:00 AM,62232,806,9012
1/24/2021 12:00:00 AM,62233,985,8985
1/24/2021 12:00:00 AM,62234,2983,22612
1/24/2021 12:00:00 AM,62236,1408,8891
1/24/2021 12:00:00 AM,62237,295,5820
1/24/2021 12:00:00 AM,62238,64,461
1/24/2021 12:00:00 AM,62239,408,2695
1/24/2021 12:00:00 AM,62240,136,824
1/24/2021 12:00:00 AM,62241,107,1018
1/24/2021 12:00:00 AM,62242,138,1089
1/24/2021 12:00:00 AM,62243,654,7805
1/24/2021 12:00:00 AM,62244,91,423
1/24/2021 12:00:00 AM,62245,244,1538
1/24/2021 12:00:00 AM,62246,1089,12869
1/24/2021 12:00:00 AM,62248,41,338
1/24/2021 12:00:00 AM,62249,1892,15592
1/24/2021 12:00:00 AM,62250,47,368
1/24/2021 12:00:00 AM,62253,51,557
1/24/2021 12:00:00 AM,62254,711,7565
1/24/2021 12:00:00 AM,62255,65,550
1/24/2021 12:00:00 AM,62256,12,411
1/24/2021 12:00:00 AM,62257,290,2137
1/24/2021 12:00:00 AM,62258,913,9225
1/24/2021 12:00:00 AM,62259,16,11492
1/24/2021 12:00:00 AM,62260,675,4804
1/24/2021 12:00:00 AM,62261,25,135
1/24/2021 12:00:00 AM,62262,216,1459
1/24/2021 12:00:00 AM,62263,649,3634
1/24/2021 12:00:00 AM,62264,312,2755
1/24/2021 12:00:00 AM,62265,488,4814
1/24/2021 12:00:00 AM,62266,17,151
1/24/2021 12:00:00 AM,62268,52,437
1/24/2021 12:00:00 AM,62269,2851,27923
1/24/2021 12:00:00 AM,62271,189,1360
1/24/2021 12:00:00 AM,62272,185,1328
1/24/2021 12:00:00 AM,62273,36,304
1/24/2021 12:00:00 AM,62274,1391,14140
1/24/2021 12:00:00 AM,62275,357,2681
1/24/2021 12:00:00 AM,62277,114,883
1/24/2021 12:00:00 AM,62278,946,6579
1/24/2021 12:00:00 AM,62279,6,49
1/24/2021 12:00:00 AM,62280,24,264
1/24/2021 12:00:00 AM,62281,343,2010
1/24/2021 12:00:00 AM,62282,54,376
1/24/2021 12:00:00 AM,62284,61,476
1/24/2021 12:00:00 AM,62285,479,3852
1/24/2021 12:00:00 AM,62286,707,7467
1/24/2021 12:00:00 AM,62288,389,3008
1/24/2021 12:00:00 AM,62289,43,254
1/24/2021 12:00:00 AM,62292,50,718
1/24/2021 12:00:00 AM,62293,534,4439
1/24/2021 12:00:00 AM,62294,1621,10532
1/24/2021 12:00:00 AM,62295,144,770
1/24/2021 12:00:00 AM,62297,38,334
1/24/2021 12:00:00 AM,62298,1885,19282
1/24/2021 12:00:00 AM,62301,3629,63989
1/24/2021 12:00:00 AM,62305,2204,16662
1/24/2021 12:00:00 AM,62306,9,108
1/24/2021 12:00:00 AM,62311,60,683
1/24/2021 12:00:00 AM,62312,225,1766
1/24/2021 12:00:00 AM,62313,33,234
1/24/2021 12:00:00 AM,62314,48,370
1/24/2021 12:00:00 AM,62316,95,548
1/24/2021 12:00:00 AM,62320,298,2088
1/24/2021 12:00:00 AM,62321,343,3469
1/24/2021 12:00:00 AM,62323,16,180
1/24/2021 12:00:00 AM,62324,112,1229
1/24/2021 12:00:00 AM,62325,39,221
1/24/2021 12:00:00 AM,62326,134,2000
1/24/2021 12:00:00 AM,62330,90,748
1/24/2021 12:00:00 AM,62338,128,974
1/24/2021 12:00:00 AM,62339,109,1250
1/24/2021 12:00:00 AM,62340,122,1185
1/24/2021 12:00:00 AM,62341,296,3009
1/24/2021 12:00:00 AM,62343,65,370
1/24/2021 12:00:00 AM,62345,27,145
1/24/2021 12:00:00 AM,62346,17,118
1/24/2021 12:00:00 AM,62347,207,1679
1/24/2021 12:00:00 AM,62349,67,477
1/24/2021 12:00:00 AM,62351,200,1376
1/24/2021 12:00:00 AM,62352,12,140
1/24/2021 12:00:00 AM,62353,514,13333
1/24/2021 12:00:00 AM,62354,140,806
1/24/2021 12:00:00 AM,62355,70,565
1/24/2021 12:00:00 AM,62356,55,387
1/24/2021 12:00:00 AM,62357,15,138
1/24/2021 12:00:00 AM,62358,54,348
1/24/2021 12:00:00 AM,62359,14,148
1/24/2021 12:00:00 AM,62360,182,1460
1/24/2021 12:00:00 AM,62361,21,452
1/24/2021 12:00:00 AM,62362,36,242
1/24/2021 12:00:00 AM,62363,745,5826
1/24/2021 12:00:00 AM,62365,55,318
1/24/2021 12:00:00 AM,62366,124,950
1/24/2021 12:00:00 AM,62367,64,955
1/24/2021 12:00:00 AM,62370,39,244
1/24/2021 12:00:00 AM,62373,34,167
1/24/2021 12:00:00 AM,62374,15,283
1/24/2021 12:00:00 AM,62375,35,265
1/24/2021 12:00:00 AM,62376,117,877
1/24/2021 12:00:00 AM,62378,51,572
1/24/2021 12:00:00 AM,62379,176,1381
1/24/2021 12:00:00 AM,62380,27,262
1/24/2021 12:00:00 AM,62401,2487,17023
1/24/2021 12:00:00 AM,62410,69,534
1/24/2021 12:00:00 AM,62411,472,4332
1/24/2021 12:00:00 AM,62413,49,233
1/24/2021 12:00:00 AM,62414,216,1289
1/24/2021 12:00:00 AM,62417,288,3752
1/24/2021 12:00:00 AM,62418,248,1765
1/24/2021 12:00:00 AM,62419,37,297
1/24/2021 12:00:00 AM,62420,517,4372
1/24/2021 12:00:00 AM,62421,56,459
1/24/2021 12:00:00 AM,62422,114,714
1/24/2021 12:00:00 AM,62423,45,267
1/24/2021 12:00:00 AM,62424,301,1410
1/24/2021 12:00:00 AM,62425,42,442
1/24/2021 12:00:00 AM,62426,69,628
1/24/2021 12:00:00 AM,62427,100,929
1/24/2021 12:00:00 AM,62428,279,2529
1/24/2021 12:00:00 AM,62431,96,650
1/24/2021 12:00:00 AM,62432,68,402
1/24/2021 12:00:00 AM,62433,58,650
1/24/2021 12:00:00 AM,62434,32,202
1/24/2021 12:00:00 AM,62436,65,378
1/24/2021 12:00:00 AM,62438,20,182
1/24/2021 12:00:00 AM,62439,680,7162
1/24/2021 12:00:00 AM,62440,107,1003
1/24/2021 12:00:00 AM,62441,658,4777
1/24/2021 12:00:00 AM,62442,210,1344
1/24/2021 12:00:00 AM,62443,172,981
1/24/2021 12:00:00 AM,62444,32,200
1/24/2021 12:00:00 AM,62445,110,550
1/24/2021 12:00:00 AM,62446,41,237
1/24/2021 12:00:00 AM,62447,376,3608
1/24/2021 12:00:00 AM,62448,721,6137
1/24/2021 12:00:00 AM,62449,292,2845
1/24/2021 12:00:00 AM,62450,1253,15845
1/24/2021 12:00:00 AM,62451,170,1429
1/24/2021 12:00:00 AM,62452,35,261
1/24/2021 12:00:00 AM,62454,1157,19231
1/24/2021 12:00:00 AM,62458,290,3702
1/24/2021 12:00:00 AM,62459,20,188
1/24/2021 12:00:00 AM,62460,100,658
1/24/2021 12:00:00 AM,62461,102,617
1/24/2021 12:00:00 AM,62462,107,553
1/24/2021 12:00:00 AM,62463,127,848
1/24/2021 12:00:00 AM,62464,11,59
1/24/2021 12:00:00 AM,62465,82,533
1/24/2021 12:00:00 AM,62466,1111,10695
1/24/2021 12:00:00 AM,62467,545,2238
1/24/2021 12:00:00 AM,62468,239,1986
1/24/2021 12:00:00 AM,62469,52,333
1/24/2021 12:00:00 AM,62471,1587,10898
1/24/2021 12:00:00 AM,62473,162,853
1/24/2021 12:00:00 AM,62474,57,543
1/24/2021 12:00:00 AM,62475,26,192
1/24/2021 12:00:00 AM,62476,98,754
1/24/2021 12:00:00 AM,62477,59,499
1/24/2021 12:00:00 AM,62478,26,204
1/24/2021 12:00:00 AM,62479,100,634
1/24/2021 12:00:00 AM,62480,43,532
1/24/2021 12:00:00 AM,62481,21,234
1/24/2021 12:00:00 AM,62501,200,2007
1/24/2021 12:00:00 AM,62510,135,1054
1/24/2021 12:00:00 AM,62512,30,461
1/24/2021 12:00:00 AM,62513,100,1178
1/24/2021 12:00:00 AM,62514,23,125
1/24/2021 12:00:00 AM,62515,65,1071
1/24/2021 12:00:00 AM,62517,12,226
1/24/2021 12:00:00 AM,62518,25,398
1/24/2021 12:00:00 AM,62520,101,1364
1/24/2021 12:00:00 AM,62521,3039,33071
1/24/2021 12:00:00 AM,62522,1057,11203
1/24/2021 12:00:00 AM,62523,28,506
1/24/2021 12:00:00 AM,62524,41,2406
1/24/2021 12:00:00 AM,62525,14,191
1/24/2021 12:00:00 AM,62526,2604,36223
1/24/2021 12:00:00 AM,62530,91,1323
1/24/2021 12:00:00 AM,62531,139,1444
1/24/2021 12:00:00 AM,62532,9,66
1/24/2021 12:00:00 AM,62533,61,708
1/24/2021 12:00:00 AM,62534,102,877
1/24/2021 12:00:00 AM,62535,420,6630
1/24/2021 12:00:00 AM,62536,47,867
1/24/2021 12:00:00 AM,62537,9,145
1/24/2021 12:00:00 AM,62538,23,201
1/24/2021 12:00:00 AM,62539,106,1086
1/24/2021 12:00:00 AM,62540,86,1065
1/24/2021 12:00:00 AM,62543,29,397
1/24/2021 12:00:00 AM,62544,154,2173
1/24/2021 12:00:00 AM,62545,82,1088
1/24/2021 12:00:00 AM,62546,109,1134
1/24/2021 12:00:00 AM,62547,48,525
1/24/2021 12:00:00 AM,62548,199,3685
1/24/2021 12:00:00 AM,62549,717,6647
1/24/2021 12:00:00 AM,62550,287,2207
1/24/2021 12:00:00 AM,62551,62,550
1/24/2021 12:00:00 AM,62553,43,338
1/24/2021 12:00:00 AM,62554,126,1297
1/24/2021 12:00:00 AM,62555,26,311
1/24/2021 12:00:00 AM,62556,25,241
1/24/2021 12:00:00 AM,62557,624,6972
1/24/2021 12:00:00 AM,62558,281,3273
1/24/2021 12:00:00 AM,62560,148,1228
1/24/2021 12:00:00 AM,62561,404,5121
1/24/2021 12:00:00 AM,62563,463,6291
1/24/2021 12:00:00 AM,62565,687,8301
1/24/2021 12:00:00 AM,62567,76,638
1/24/2021 12:00:00 AM,62568,1686,19378
1/24/2021 12:00:00 AM,62570,30,432
1/24/2021 12:00:00 AM,62571,100,927
1/24/2021 12:00:00 AM,62572,27,358
1/24/2021 12:00:00 AM,62573,116,1057
1/24/2021 12:00:00 AM,62601,31,337
1/24/2021 12:00:00 AM,62610,13,210
1/24/2021 12:00:00 AM,62611,88,765
1/24/2021 12:00:00 AM,62612,191,1904
1/24/2021 12:00:00 AM,62613,280,3867
1/24/2021 12:00:00 AM,62615,468,6544
1/24/2021 12:00:00 AM,62617,52,586
1/24/2021 12:00:00 AM,62618,1227,8565
1/24/2021 12:00:00 AM,62620,7,1044
1/24/2021 12:00:00 AM,62621,69,1026
1/24/2021 12:00:00 AM,62624,38,382
1/24/2021 12:00:00 AM,62625,82,781
1/24/2021 12:00:00 AM,62626,860,12725
1/24/2021 12:00:00 AM,62627,100,1037
1/24/2021 12:00:00 AM,62628,68,760
1/24/2021 12:00:00 AM,62629,1024,17308
1/24/2021 12:00:00 AM,62630,52,386
1/24/2021 12:00:00 AM,62631,20,192
1/24/2021 12:00:00 AM,62633,67,704
1/24/2021 12:00:00 AM,62634,58,877
1/24/2021 12:00:00 AM,62635,70,776
1/24/2021 12:00:00 AM,62638,101,1029
1/24/2021 12:00:00 AM,62639,22,267
1/24/2021 12:00:00 AM,62640,209,3275
1/24/2021 12:00:00 AM,62642,98,1399
1/24/2021 12:00:00 AM,62643,46,542
1/24/2021 12:00:00 AM,62644,436,5727
1/24/2021 12:00:00 AM,62649,39,501
1/24/2021 12:00:00 AM,62650,2604,32742
1/24/2021 12:00:00 AM,62651,6,124
1/24/2021 12:00:00 AM,62655,33,498
1/24/2021 12:00:00 AM,62656,2418,41803
1/24/2021 12:00:00 AM,62661,63,999
1/24/2021 12:00:00 AM,62663,13,205
1/24/2021 12:00:00 AM,62664,280,3179
1/24/2021 12:00:00 AM,62665,85,1101
1/24/2021 12:00:00 AM,62666,44,630
1/24/2021 12:00:00 AM,62667,32,406
1/24/2021 12:00:00 AM,62668,103,1032
1/24/2021 12:00:00 AM,62670,244,2866
1/24/2021 12:00:00 AM,62671,33,527
1/24/2021 12:00:00 AM,62672,17,179
1/24/2021 12:00:00 AM,62673,35,430
1/24/2021 12:00:00 AM,62674,73,919
1/24/2021 12:00:00 AM,62675,457,7367
1/24/2021 12:00:00 AM,62677,159,2351
1/24/2021 12:00:00 AM,62681,518,7212
1/24/2021 12:00:00 AM,62682,81,839
1/24/2021 12:00:00 AM,62684,637,7454
1/24/2021 12:00:00 AM,62685,161,1555
1/24/2021 12:00:00 AM,62688,41,668
1/24/2021 12:00:00 AM,62689,35,514
1/24/2021 12:00:00 AM,62690,337,6321
1/24/2021 12:00:00 AM,62691,233,2427
1/24/2021 12:00:00 AM,62692,154,1752
1/24/2021 12:00:00 AM,62693,135,1590
1/24/2021 12:00:00 AM,62694,285,4341
1/24/2021 12:00:00 AM,62695,53,430
1/24/2021 12:00:00 AM,62701,68,2212
1/24/2021 12:00:00 AM,62702,2340,43114
1/24/2021 12:00:00 AM,62703,2238,41605
1/24/2021 12:00:00 AM,62704,2541,45998
1/24/2021 12:00:00 AM,62705,10,194
1/24/2021 12:00:00 AM,62707,616,10617
1/24/2021 12:00:00 AM,62708,20,290
1/24/2021 12:00:00 AM,62711,1556,24486
1/24/2021 12:00:00 AM,62712,912,11952
1/24/2021 12:00:00 AM,62791,22,255
1/24/2021 12:00:00 AM,62801,2388,34693
1/24/2021 12:00:00 AM,62803,106,666
1/24/2021 12:00:00 AM,62806,266,1740
1/24/2021 12:00:00 AM,62807,97,718
1/24/2021 12:00:00 AM,62808,148,920
1/24/2021 12:00:00 AM,62809,26,157
1/24/2021 12:00:00 AM,62810,87,561
1/24/2021 12:00:00 AM,62811,18,127
1/24/2021 12:00:00 AM,62812,1206,13270
1/24/2021 12:00:00 AM,62814,140,1291
1/24/2021 12:00:00 AM,62815,26,183
1/24/2021 12:00:00 AM,62816,96,664
1/24/2021 12:00:00 AM,62817,42,353
1/24/2021 12:00:00 AM,62818,25,207
1/24/2021 12:00:00 AM,62819,48,367
1/24/2021 12:00:00 AM,62820,18,109
1/24/2021 12:00:00 AM,62821,808,13206
1/24/2021 12:00:00 AM,62822,254,2448
1/24/2021 12:00:00 AM,62823,138,1643
1/24/2021 12:00:00 AM,62824,134,1240
1/24/2021 12:00:00 AM,62825,18,193
1/24/2021 12:00:00 AM,62827,79,678
1/24/2021 12:00:00 AM,62828,140,852
1/24/2021 12:00:00 AM,62830,131,842
1/24/2021 12:00:00 AM,62831,52,318
1/24/2021 12:00:00 AM,62832,992,8990
1/24/2021 12:00:00 AM,62833,28,123
1/24/2021 12:00:00 AM,62835,96,958
1/24/2021 12:00:00 AM,62836,59,486
1/24/2021 12:00:00 AM,62837,861,7518
1/24/2021 12:00:00 AM,62838,186,1088
1/24/2021 12:00:00 AM,62839,717,6351
1/24/2021 12:00:00 AM,62841,16,272
1/24/2021 12:00:00 AM,62842,70,450
1/24/2021 12:00:00 AM,62843,7,44
1/24/2021 12:00:00 AM,62844,203,1375
1/24/2021 12:00:00 AM,62846,330,5728
1/24/2021 12:00:00 AM,62848,56,540
1/24/2021 12:00:00 AM,62849,189,1413
1/24/2021 12:00:00 AM,62850,14,108
1/24/2021 12:00:00 AM,62851,33,182
1/24/2021 12:00:00 AM,62852,15,93
1/24/2021 12:00:00 AM,62853,91,764
1/24/2021 12:00:00 AM,62854,151,1155
1/24/2021 12:00:00 AM,62856,21,182
1/24/2021 12:00:00 AM,62858,304,2153
1/24/2021 12:00:00 AM,62859,485,3755
1/24/2021 12:00:00 AM,62860,35,355
1/24/2021 12:00:00 AM,62862,21,126
1/24/2021 12:00:00 AM,62863,1083,9299
1/24/2021 12:00:00 AM,62864,2180,20228
1/24/2021 12:00:00 AM,62865,230,1489
1/24/2021 12:00:00 AM,62867,43,338
1/24/2021 12:00:00 AM,62868,149,1305
1/24/2021 12:00:00 AM,62869,222,1684
1/24/2021 12:00:00 AM,62870,269,2602
1/24/2021 12:00:00 AM,62871,43,368
1/24/2021 12:00:00 AM,62872,96,618
1/24/2021 12:00:00 AM,62874,37,236
1/24/2021 12:00:00 AM,62875,147,1109
1/24/2021 12:00:00 AM,62876,21,90
1/24/2021 12:00:00 AM,62877,41,340
1/24/2021 12:00:00 AM,62878,35,230
1/24/2021 12:00:00 AM,62880,89,565
1/24/2021 12:00:00 AM,62881,1110,13519
1/24/2021 12:00:00 AM,62882,238,2262
1/24/2021 12:00:00 AM,62883,60,461
1/24/2021 12:00:00 AM,62884,308,2073
1/24/2021 12:00:00 AM,62885,100,512
1/24/2021 12:00:00 AM,62886,28,242
1/24/2021 12:00:00 AM,62887,31,205
1/24/2021 12:00:00 AM,62888,165,1242
1/24/2021 12:00:00 AM,62889,78,520
1/24/2021 12:00:00 AM,62890,214,1887
1/24/2021 12:00:00 AM,62891,52,399
1/24/2021 12:00:00 AM,62892,42,282
1/24/2021 12:00:00 AM,62893,91,837
1/24/2021 12:00:00 AM,62894,109,578
1/24/2021 12:00:00 AM,62895,183,979
1/24/2021 12:00:00 AM,62896,1165,10765
1/24/2021 12:00:00 AM,62897,48,291
1/24/2021 12:00:00 AM,62898,174,957
1/24/2021 12:00:00 AM,62899,109,981
1/24/2021 12:00:00 AM,62901,1893,27637
1/24/2021 12:00:00 AM,62902,302,3839
1/24/2021 12:00:00 AM,62903,151,2296
1/24/2021 12:00:00 AM,62905,49,508
1/24/2021 12:00:00 AM,62906,1025,13253
1/24/2021 12:00:00 AM,62907,196,1683
1/24/2021 12:00:00 AM,62908,44,309
1/24/2021 12:00:00 AM,62910,162,1116
1/24/2021 12:00:00 AM,62912,81,965
1/24/2021 12:00:00 AM,62914,149,2171
1/24/2021 12:00:00 AM,62915,64,570
1/24/2021 12:00:00 AM,62916,86,736
1/24/2021 12:00:00 AM,62917,248,3609
1/24/2021 12:00:00 AM,62918,1081,10096
1/24/2021 12:00:00 AM,62919,70,745
1/24/2021 12:00:00 AM,62920,344,4117
1/24/2021 12:00:00 AM,62921,23,313
1/24/2021 12:00:00 AM,62922,241,1985
1/24/2021 12:00:00 AM,62923,32,396
1/24/2021 12:00:00 AM,62924,224,2366
1/24/2021 12:00:00 AM,62926,201,1887
1/24/2021 12:00:00 AM,62927,24,235
1/24/2021 12:00:00 AM,62928,10,168
1/24/2021 12:00:00 AM,62930,478,5086
1/24/2021 12:00:00 AM,62931,98,923
1/24/2021 12:00:00 AM,62932,116,1431
1/24/2021 12:00:00 AM,62933,163,2759
1/24/2021 12:00:00 AM,62934,82,711
1/24/2021 12:00:00 AM,62935,187,1434
1/24/2021 12:00:00 AM,62938,171,1623
1/24/2021 12:00:00 AM,62939,295,2511
1/24/2021 12:00:00 AM,62940,26,278
1/24/2021 12:00:00 AM,62941,68,458
1/24/2021 12:00:00 AM,62942,60,403
1/24/2021 12:00:00 AM,62943,45,472
1/24/2021 12:00:00 AM,62946,1080,11959
1/24/2021 12:00:00 AM,62947,30,255
1/24/2021 12:00:00 AM,62948,1197,14434
1/24/2021 12:00:00 AM,62949,54,537
1/24/2021 12:00:00 AM,62950,27,189
1/24/2021 12:00:00 AM,62951,455,4137
1/24/2021 12:00:00 AM,62952,341,3696
1/24/2021 12:00:00 AM,62953,19,198
1/24/2021 12:00:00 AM,62954,22,299
1/24/2021 12:00:00 AM,62956,83,575
1/24/2021 12:00:00 AM,62957,59,400
1/24/2021 12:00:00 AM,62958,105,1802
1/24/2021 12:00:00 AM,62959,2591,34472
1/24/2021 12:00:00 AM,62960,837,6763
1/24/2021 12:00:00 AM,62963,29,333
1/24/2021 12:00:00 AM,62964,110,865
1/24/2021 12:00:00 AM,62965,7,52
1/24/2021 12:00:00 AM,62966,1252,13498
1/24/2021 12:00:00 AM,62967,33,213
1/24/2021 12:00:00 AM,62969,28,247
1/24/2021 12:00:00 AM,62970,53,324
1/24/2021 12:00:00 AM,62972,87,860
1/24/2021 12:00:00 AM,62974,120,870
1/24/2021 12:00:00 AM,62975,11,193
1/24/2021 12:00:00 AM,62976,38,287
1/24/2021 12:00:00 AM,62977,48,424
1/24/2021 12:00:00 AM,62979,85,815
1/24/2021 12:00:00 AM,62982,138,2200
1/24/2021 12:00:00 AM,62983,139,1219
1/24/2021 12:00:00 AM,62984,134,1119
1/24/2021 12:00:00 AM,62985,73,694
1/24/2021 12:00:00 AM,62987,82,801
1/24/2021 12:00:00 AM,62988,98,989
1/24/2021 12:00:00 AM,62990,68,505
1/24/2021 12:00:00 AM,62992,195,1405
1/24/2021 12:00:00 AM,62994,71,615
1/24/2021 12:00:00 AM,62995,665,15099
1/24/2021 12:00:00 AM,62996,63,303
1/24/2021 12:00:00 AM,62997,40,530
1/24/2021 12:00:00 AM,62998,28,284
1/24/2021 12:00:00 AM,62999,122,1197
